"0","x$PROFILE_CODE
"
"1"," [1]"
"1"," ""8733"""
"1"," ""8736"""
"1"," ""8757"""
"1"," ""8758"""
"1"," ""8760"""
"1"," ""8761"""
"1"," ""8763"""
"1"," ""8764"""
"1"," ""8765"""
"1"," ""8766"""
"1"," ""8767"""
"1"," ""8768"""
"1","
"
"1","[13]"
"1"," ""8769"""
"1"," ""8770"""
"1"," ""8771"""
"1"," ""8772"""
"1"," ""8773"""
"1"," ""8827"""
"1"," ""8828"""
"1"," ""8829"""
"1"," ""8830"""
"1"," ""8831"""
"1"," ""8832"""
"1"," ""8833"""
"1","
"
"1","[25]"
"1"," ""8834"""
"1"," ""8835"""
"1"," ""8836"""
"1"," ""8837"""
"1"," ""8838"""
"1"," ""8839"""
"1"," ""8840"""
"1"," ""8841"""
"1"," ""8842"""
"1"," ""8843"""
"1"," ""8844"""
"1"," ""8845"""
"1","
"
"1","[37]"
"1"," ""8846"""
"1"," ""8847"""
"1"," ""8848"""
"1"," ""8849"""
"1"," ""8850"""
"1"," ""8851"""
"1"," ""8852"""
"1"," ""8853"""
"1"," ""8854"""
"1"," ""8855"""
"1"," ""8863"""
"1"," ""8864"""
"1","
"
"1","[49]"
"1"," ""8865"""
"1"," ""8866"""
"1"," ""8867"""
"1"," ""8868"""
"1"," ""8869"""
"1"," ""8870"""
"1"," ""8871"""
"1"," ""8872"""
"1"," ""8884"""
"1"," ""8885"""
"1"," ""8886"""
"1"," ""8887"""
"1","
"
"1","[61]"
"1"," ""8888"""
"1"," ""8889"""
"1"," ""8934"""
"1","
"
